{"cameraMode":{"drawMode":0,"name":"Shaded","section":"Shading Mode"},"sceneLighting":true,"audioPlay":false,"sceneViewState":{"m_AlwaysRefresh":false,"showFog":true,"showSkybox":true,"showFlares":true,"showImageEffects":true,"showParticleSystems":true,"showVisualEffectGraphs":true,"m_FxEnabled":true},"in2DMode":false,"pivot":{"x":2.14556884765625,"y":0.7369202971458435,"z":-14.474549293518067},"rotation":{"x":0.0001468127447878942,"y":0.9998059272766113,"z":-0.018306218087673188,"w":0.007799995597451925},"size":0.5629659295082092,"orthographic":false}