{"cameraMode":{"drawMode":0,"name":"Shaded","section":"Shading Mode"},"sceneLighting":true,"audioPlay":false,"sceneViewState":{"m_AlwaysRefresh":false,"showFog":true,"showSkybox":true,"showFlares":true,"showImageEffects":true,"showParticleSystems":true,"showVisualEffectGraphs":true,"m_FxEnabled":true},"in2DMode":false,"pivot":{"x":2.054511308670044,"y":68.50730895996094,"z":3.032010555267334},"rotation":{"x":-0.6215735673904419,"y":0.009865359403192997,"z":-0.007833776995539666,"w":-0.7832613587379456},"size":3.5818681716918947,"orthographic":false}