{"cameraMode":{"drawMode":0,"name":"Shaded","section":"Shading Mode"},"sceneLighting":false,"audioPlay":false,"sceneViewState":{"m_AlwaysRefresh":false,"showFog":true,"showSkybox":false,"showFlares":true,"showImageEffects":true,"showParticleSystems":true,"showVisualEffectGraphs":true,"m_FxEnabled":true},"in2DMode":false,"pivot":{"x":-1.309999942779541,"y":1.902999997138977,"z":0.07899996638298035},"rotation":{"x":-0.06392920017242432,"y":0.9352129101753235,"z":-0.2247127741575241,"w":-0.26609233021736147},"size":0.37622392177581789,"orthographic":false}