{"cameraMode":{"drawMode":0,"name":"Shaded","section":"Shading Mode"},"sceneLighting":false,"audioPlay":false,"sceneViewState":{"m_AlwaysRefresh":false,"showFog":true,"showSkybox":false,"showFlares":true,"showImageEffects":true,"showParticleSystems":true,"showVisualEffectGraphs":true,"m_FxEnabled":true},"in2DMode":false,"pivot":{"x":2.630000352859497,"y":0.7975491881370544,"z":28.378137588500978},"rotation":{"x":-0.06646471470594406,"y":0.7192837595939636,"z":-0.06949139386415482,"w":-0.6880379319190979},"size":0.5629659295082092,"orthographic":false}